img number,object class,x1,y1,x2,y2
0.0,1.0,0.614121,0.779235,0.0394089,0.063388
0.0,1.0,0.614121,0.779235,0.0394089,0.063388
